Número de operación,Tipo,Fecha y hora,Señal,Precio USD,Tamaño (cant.),Tamaño de la posición (valor),PyG netas USD,Rentabilidad %,Comisión USD,Desviación favorable USD,Desviación favorable %,Desviación adversa USD,Desviación adversa %,PyG acumuladas USD,PyG acumuladas %,Duración (barras)
1,Salida en largo,2016-02-08 15:30,Cierre EOD,99.73,24,2430.96,-39.44,-1.62,2,32.36,1.33,-92.68,-3.81,-39.44,-0.39,12
1,Entrada en largo,2016-02-08 09:30,Long Fade,101.29,24,2430.96,-39.44,-1.62,2,32.36,1.33,-92.68,-3.81,-39.44,-0.39,12
2,Salida en largo,2016-02-09 15:30,Cierre EOD,99.47,24,2424.48,-39.2,-1.62,2,32.12,1.32,-88.12,-3.63,-78.64,-0.79,12
2,Entrada en largo,2016-02-09 09:30,Long Fade,101.02,24,2424.48,-39.2,-1.62,2,32.12,1.32,-88.12,-3.63,-78.64,-0.79,12
3,Salida en largo,2016-04-04 15:30,Cierre EOD,112.5,21,2376.99,-16.49,-0.69,2,8.66,0.36,-33.97,-1.43,-95.13,-0.95,12
3,Entrada en largo,2016-04-04 09:30,Long Fade,113.19,21,2376.99,-16.49,-0.69,2,8.66,0.36,-33.97,-1.43,-95.13,-0.95,12
4,Salida en largo,2016-04-22 15:30,Cierre EOD,110.51,22,2446.62,-17.4,-0.71,2,2.08,0.08,-49.4,-2.02,-112.53,-1.13,12
4,Entrada en largo,2016-04-22 09:30,Long Fade,111.21,22,2446.62,-17.4,-0.71,2,2.08,0.08,-49.4,-2.02,-112.53,-1.13,12
5,Salida en largo,2016-06-10 15:30,Cierre EOD,116.6,21,2470.86,-24.26,-0.98,2,7.82,0.32,-30.4,-1.23,-136.79,-1.37,12
5,Entrada en largo,2016-06-10 09:30,Long Fade,117.66,21,2470.86,-24.26,-0.98,2,7.82,0.32,-30.4,-1.23,-136.79,-1.37,12
6,Salida en largo,2016-06-13 15:30,Cierre EOD,113.96,21,2415.21,-24.05,-1.00,2,3.62,0.15,-36.7,-1.52,-160.84,-1.61,12
6,Entrada en largo,2016-06-13 09:30,Long Fade,115.01,21,2415.21,-24.05,-1.00,2,3.62,0.15,-36.7,-1.52,-160.84,-1.61,12
7,Salida en largo,2016-06-24 15:30,Cierre EOD,112,21,2378.25,-28.25,-1.19,2,8.03,0.34,-30.19,-1.27,-189.09,-1.89,12
7,Entrada en largo,2016-06-24 09:30,Long Fade,113.25,21,2378.25,-28.25,-1.19,2,8.03,0.34,-30.19,-1.27,-189.09,-1.89,12
8,Salida en largo,2016-09-12 15:30,Cierre EOD,128.69,19,2408.44,34.67,1.44,2,37,1.54,-1.38,-0.06,-154.42,-1.54,12
8,Entrada en largo,2016-09-12 09:30,Long Fade,126.76,19,2408.44,34.67,1.44,2,37,1.54,-1.38,-0.06,-154.42,-1.54,12
9,Salida en largo,2016-09-23 15:30,Cierre EOD,127.93,19,2430.67,-2,-0.08,2,11.73,0.48,-12.78,-0.53,-156.42,-1.56,12
9,Entrada en largo,2016-09-23 09:30,Long Fade,127.93,19,2430.67,-2,-0.08,2,11.73,0.48,-12.78,-0.53,-156.42,-1.56,12
10,Salida en largo,2016-10-13 15:30,Cierre EOD,127.8,19,2416.8,9.4,0.39,2,15.72,0.65,-9.36,-0.39,-147.02,-1.47,12
10,Entrada en largo,2016-10-13 09:30,Long Fade,127.2,19,2416.8,9.4,0.39,2,15.72,0.65,-9.36,-0.39,-147.02,-1.47,12
11,Salida en largo,2016-11-03 15:30,Cierre EOD,119.82,20,2406.4,-12,-0.50,2,30,1.25,-17.4,-0.72,-159.02,-1.59,12
11,Entrada en largo,2016-11-03 09:30,Long Fade,120.32,20,2406.4,-12,-0.50,2,30,1.25,-17.4,-0.72,-159.02,-1.59,12
12,Salida en largo,2016-11-09 15:30,Cierre EOD,123.13,19,2346.88,-9.41,-0.40,2,4.51,0.19,-45.46,-1.94,-168.43,-1.68,12
12,Entrada en largo,2016-11-09 09:30,Long Fade,123.52,19,2346.88,-9.41,-0.40,2,4.51,0.19,-45.46,-1.94,-168.43,-1.68,12
13,Salida en largo,2016-11-16 15:30,Cierre EOD,116.33,21,2424.45,16.48,0.68,2,50.03,2.06,-5.62,-0.23,-151.95,-1.52,12
13,Entrada en largo,2016-11-16 09:30,Long Fade,115.45,21,2424.45,16.48,0.68,2,50.03,2.06,-5.62,-0.23,-151.95,-1.52,12
14,Salida en largo,2017-03-27 15:30,Cierre EOD,140.32,17,2377.96,5.48,0.23,2,12.09,0.51,-3.72,-0.16,-146.47,-1.46,12
14,Entrada en largo,2017-03-27 09:30,Long Fade,139.88,17,2377.96,5.48,0.23,2,12.09,0.51,-3.72,-0.16,-146.47,-1.46,12
15,Salida en largo,2017-05-04 15:30,Cierre EOD,150.85,16,2383.52,28.08,1.18,2,39.64,1.66,-1.48,-0.06,-118.39,-1.18,12
15,Entrada en largo,2017-05-04 09:30,Long Fade,148.97,16,2383.52,28.08,1.18,2,39.64,1.66,-1.48,-0.06,-118.39,-1.18,12
16,Salida en largo,2017-05-17 15:30,Cierre EOD,144.8,16,2362.4,-47.6,-2.01,2,9.72,0.41,-52.52,-2.22,-165.99,-1.66,12
16,Entrada en largo,2017-05-17 09:30,Long Fade,147.65,16,2362.4,-47.6,-2.01,2,9.72,0.41,-52.52,-2.22,-165.99,-1.66,12
17,Salida en largo,2017-06-12 15:30,Cierre EOD,148.42,16,2324.8,47.92,2.06,2,61.24,2.63,-6.44,-0.28,-118.07,-1.18,12
17,Entrada en largo,2017-06-12 09:30,Long Fade,145.3,16,2324.8,47.92,2.06,2,61.24,2.63,-6.44,-0.28,-118.07,-1.18,12
18,Salida en largo,2017-06-15 15:30,Cierre EOD,149.79,16,2360.8,33.84,1.43,2,38.68,1.64,-19.72,-0.83,-84.23,-0.84,12
18,Entrada en largo,2017-06-15 09:30,Long Fade,147.55,16,2360.8,33.84,1.43,2,38.68,1.64,-19.72,-0.83,-84.23,-0.84,12
19,Salida en largo,2017-08-29 15:30,Cierre EOD,168.03,14,2333.8,16.62,0.71,2,23.08,0.99,-2.96,-0.13,-67.61,-0.68,12
19,Entrada en largo,2017-08-29 09:30,Long Fade,166.7,14,2333.8,16.62,0.71,2,23.08,0.99,-2.96,-0.13,-67.61,-0.68,12
20,Salida en largo,2017-09-25 15:30,Cierre EOD,162.84,15,2467.2,-26.6,-1.08,2,17.3,0.70,-44.8,-1.82,-94.21,-0.94,12
20,Entrada en largo,2017-09-25 09:30,Long Fade,164.48,15,2467.2,-26.6,-1.08,2,17.3,0.70,-44.8,-1.82,-94.21,-0.94,12
21,Salida en largo,2017-10-19 15:30,Cierre EOD,174.54,14,2421.3,20.26,0.84,2,21.54,0.89,-3.24,-0.13,-73.95,-0.74,12
21,Entrada en largo,2017-10-19 09:30,Long Fade,172.95,14,2421.3,20.26,0.84,2,21.54,0.89,-3.24,-0.13,-73.95,-0.74,12
22,Salida en largo,2017-11-02 15:30,Cierre EOD,178.9,13,2342.34,-18.64,-0.80,2,1.21,0.05,-37.79,-1.61,-92.59,-0.93,12
22,Entrada en largo,2017-11-02 09:30,Long Fade,180.18,13,2342.34,-18.64,-0.80,2,1.21,0.05,-37.79,-1.61,-92.59,-0.93,12
23,Salida en largo,2017-11-15 15:30,Cierre EOD,177.94,13,2300.61,10.61,0.46,2,19.54,0.85,-2.3,-0.10,-81.98,-0.82,12
23,Entrada en largo,2017-11-15 09:30,Long Fade,176.97,13,2300.61,10.61,0.46,2,19.54,0.85,-2.3,-0.10,-81.98,-0.82,12
24,Salida en largo,2018-01-12 15:30,Cierre EOD,179.38,13,2347.67,-17.73,-0.75,2,10.18,0.43,-27.91,-1.19,-99.71,-1.00,12
24,Entrada en largo,2018-01-12 09:30,Long Fade,180.59,13,2347.67,-17.73,-0.75,2,10.18,0.43,-27.91,-1.19,-99.71,-1.00,12
25,Salida en largo,2018-01-30 15:30,Cierre EOD,187.01,13,2398.76,30.37,1.27,2,46.45,1.94,-10.23,-0.43,-69.34,-0.69,12
25,Entrada en largo,2018-01-30 09:30,Long Fade,184.52,13,2398.76,30.37,1.27,2,46.45,1.94,-10.23,-0.43,-69.34,-0.69,12
26,Salida en largo,2018-02-05 15:30,Cierre EOD,181.24,13,2459.21,-105.09,-4.27,2,17.59,0.71,-111.76,-4.54,-174.43,-1.74,12
26,Entrada en largo,2018-02-05 09:30,Long Fade,189.17,13,2459.21,-105.09,-4.27,2,17.59,0.71,-111.76,-4.54,-174.43,-1.74,12
27,Salida en largo,2018-02-06 15:30,Cierre EOD,185.34,13,2387.84,19.58,0.82,2,25,1.05,-64.44,-2.70,-154.85,-1.55,12
27,Entrada en largo,2018-02-06 09:30,Long Fade,183.68,13,2387.84,19.58,0.82,2,25,1.05,-64.44,-2.70,-154.85,-1.55,12
28,Salida en largo,2018-03-02 15:30,Cierre EOD,176.54,14,2438.94,30.62,1.25,2,39.6,1.62,-15.28,-0.63,-124.23,-1.24,12
28,Entrada en largo,2018-03-02 09:30,Long Fade,174.21,14,2438.94,30.62,1.25,2,39.6,1.62,-15.28,-0.63,-124.23,-1.24,12
29,Salida en largo,2018-03-19 15:30,Cierre EOD,172.55,14,2453.08,-39.38,-1.60,2,4.18,0.17,-73.1,-2.98,-163.61,-1.64,12
29,Entrada en largo,2018-03-19 09:30,Long Fade,175.22,14,2453.08,-39.38,-1.60,2,4.18,0.17,-73.1,-2.98,-163.61,-1.64,12
30,Salida en largo,2018-03-20 15:30,Cierre EOD,168.17,14,2367.4,-15.02,-0.63,2,6,0.25,-100.96,-4.26,-178.63,-1.79,12
30,Entrada en largo,2018-03-20 09:30,Long Fade,169.1,14,2367.4,-15.02,-0.63,2,6,0.25,-100.96,-4.26,-178.63,-1.79,12
31,Salida en largo,2018-03-21 15:30,Cierre EOD,169.45,14,2303.42,66.88,2.90,2,123.04,5.34,-2.12,-0.09,-111.75,-1.12,12
31,Entrada en largo,2018-03-21 09:30,Long Fade,164.53,14,2303.42,66.88,2.90,2,123.04,5.34,-2.12,-0.09,-111.75,-1.12,12
32,Salida en largo,2018-03-22 15:30,Cierre EOD,164.85,14,2355.92,-50.02,-2.12,2,26.86,1.14,-64.42,-2.73,-161.77,-1.62,12
32,Entrada en largo,2018-03-22 09:30,Long Fade,168.28,14,2355.92,-50.02,-2.12,2,26.86,1.14,-64.42,-2.73,-161.77,-1.62,12
33,Salida en largo,2018-03-27 15:30,Cierre EOD,152.2,15,2424.3,-143.3,-5.91,2,17.3,0.71,-163.9,-6.76,-305.07,-3.05,12
33,Entrada en largo,2018-03-27 09:30,Long Fade,161.62,15,2424.3,-143.3,-5.91,2,17.3,0.71,-163.9,-6.76,-305.07,-3.05,12
34,Salida en largo,2018-04-04 15:30,Cierre EOD,155.01,15,2286,37.15,1.62,2,46.25,2.02,-29.35,-1.28,-267.92,-2.68,12
34,Entrada en largo,2018-04-04 09:30,Long Fade,152.4,15,2286,37.15,1.62,2,46.25,2.02,-29.35,-1.28,-267.92,-2.68,12
35,Salida en largo,2018-06-04 15:30,Cierre EOD,193.24,12,2304.48,12.4,0.54,2,22.28,0.97,-6.4,-0.28,-255.52,-2.56,12
35,Entrada en largo,2018-06-04 09:30,Long Fade,192.04,12,2304.48,12.4,0.54,2,22.28,0.97,-6.4,-0.28,-255.52,-2.56,12
36,Salida en largo,2018-06-06 15:30,Cierre EOD,191.4,12,2282.16,12.64,0.55,2,15.2,0.67,-13.72,-0.60,-242.88,-2.43,12
36,Entrada en largo,2018-06-06 09:30,Long Fade,190.18,12,2282.16,12.64,0.55,2,15.2,0.67,-13.72,-0.60,-242.88,-2.43,12
37,Salida en largo,2018-06-19 15:30,Cierre EOD,197.44,12,2339.88,27.4,1.17,2,34.64,1.48,-15.28,-0.65,-215.48,-2.15,12
37,Entrada en largo,2018-06-19 09:30,Long Fade,194.99,12,2339.88,27.4,1.17,2,34.64,1.48,-15.28,-0.65,-215.48,-2.15,12
38,Salida en largo,2018-07-05 15:30,Cierre EOD,198.45,12,2321.88,57.52,2.48,2,60.8,2.62,-12.52,-0.54,-157.96,-1.58,19
38,Entrada en largo,2018-07-03 09:30,Long Fade,193.49,12,2321.88,57.52,2.48,2,60.8,2.62,-12.52,-0.54,-157.96,-1.58,19
39,Salida en largo,2018-07-17 15:30,Cierre EOD,209.96,11,2277.11,30.45,1.34,2,36.95,1.62,-2.98,-0.13,-127.51,-1.28,12
39,Entrada en largo,2018-07-17 09:30,Long Fade,207.01,11,2277.11,30.45,1.34,2,36.95,1.62,-2.98,-0.13,-127.51,-1.28,12
40,Salida en largo,2018-07-26 15:30,Cierre EOD,176.25,13,2296.71,-7.46,-0.32,2,27.6,1.20,-38.83,-1.69,-134.97,-1.35,12
40,Entrada en largo,2018-07-26 09:30,Long Fade,176.67,13,2296.71,-7.46,-0.32,2,27.6,1.20,-38.83,-1.69,-134.97,-1.35,12
41,Salida en largo,2018-09-04 15:30,Cierre EOD,171.14,14,2385.6,8.36,0.35,2,24.34,1.02,-5.48,-0.23,-126.61,-1.27,12
41,Entrada en largo,2018-09-04 09:30,Long Fade,170.4,14,2385.6,8.36,0.35,2,24.34,1.02,-5.48,-0.23,-126.61,-1.27,12
42,Salida en largo,2018-09-05 15:30,Cierre EOD,167.19,14,2373.14,-34.48,-1.45,2,4.18,0.18,-40.76,-1.72,-161.09,-1.61,12
42,Entrada en largo,2018-09-05 09:30,Long Fade,169.51,14,2373.14,-34.48,-1.45,2,4.18,0.18,-40.76,-1.72,-161.09,-1.61,12
43,Salida en largo,2018-09-12 15:30,Cierre EOD,161.97,15,2447.4,-19.85,-0.81,2,3.35,0.14,-21.4,-0.87,-180.94,-1.81,12
43,Entrada en largo,2018-09-12 09:30,Long Fade,163.16,15,2447.4,-19.85,-0.81,2,3.35,0.14,-21.4,-0.87,-180.94,-1.81,12
44,Salida en largo,2018-09-25 15:30,Cierre EOD,164.89,15,2425.05,46.3,1.91,2,57.8,2.38,-5.35,-0.22,-134.64,-1.35,12
44,Entrada en largo,2018-09-25 09:30,Long Fade,161.67,15,2425.05,46.3,1.91,2,57.8,2.38,-5.35,-0.22,-134.64,-1.35,12
45,Salida en largo,2018-10-23 15:30,Cierre EOD,154.36,16,2440.8,26.96,1.10,2,34.04,1.39,-27.88,-1.14,-107.68,-1.08,12
45,Entrada en largo,2018-10-23 09:30,Long Fade,152.55,16,2440.8,26.96,1.10,2,34.04,1.39,-27.88,-1.14,-107.68,-1.08,12
46,Salida en largo,2018-10-26 15:30,Cierre EOD,145.33,16,2356.48,-33.2,-1.41,2,26.36,1.12,-55.88,-2.37,-140.88,-1.41,12
46,Entrada en largo,2018-10-26 09:30,Long Fade,147.28,16,2356.48,-33.2,-1.41,2,26.36,1.12,-55.88,-2.37,-140.88,-1.41,12
47,Salida en largo,2018-11-16 15:30,Cierre EOD,139.53,17,2376.26,-6.25,-0.26,2,19.91,0.84,-35.17,-1.48,-147.13,-1.47,12
47,Entrada en largo,2018-11-16 09:30,Long Fade,139.78,17,2376.26,-6.25,-0.26,2,19.91,0.84,-35.17,-1.48,-147.13,-1.47,12
48,Salida en largo,2018-11-20 15:30,Cierre EOD,132.42,18,2350.26,31.3,1.33,2,63.44,2.70,-19.36,-0.82,-115.83,-1.16,12
48,Entrada en largo,2018-11-20 09:30,Long Fade,130.57,18,2350.26,31.3,1.33,2,63.44,2.70,-19.36,-0.82,-115.83,-1.16,12
49,Salida en largo,2018-12-06 15:30,Cierre EOD,139.56,18,2415.24,94.84,3.93,2,98.18,4.06,-5.86,-0.24,-20.99,-0.21,12
49,Entrada en largo,2018-12-06 09:30,Long Fade,134.18,18,2415.24,94.84,3.93,2,98.18,4.06,-5.86,-0.24,-20.99,-0.21,12
50,Salida en largo,2018-12-19 15:30,Cierre EOD,133.16,17,2457.18,-195.46,-7.95,2,3.42,0.14,-205.51,-8.36,-216.45,-2.16,12
50,Entrada en largo,2018-12-19 09:30,Long Fade,144.54,17,2457.18,-195.46,-7.95,2,3.42,0.14,-205.51,-8.36,-216.45,-2.16,12
51,Salida en largo,2018-12-20 15:30,Cierre EOD,133.41,18,2433.06,-33.68,-1.38,2,5.66,0.23,-64.54,-2.65,-250.13,-2.50,12
51,Entrada en largo,2018-12-20 09:30,Long Fade,135.17,18,2433.06,-33.68,-1.38,2,5.66,0.23,-64.54,-2.65,-250.13,-2.50,12
52,Salida en largo,2019-03-08 15:30,Cierre EOD,169.59,14,2347.52,24.74,1.05,2,26.02,1.11,-8.98,-0.38,-225.39,-2.25,12
52,Entrada en largo,2019-03-08 09:30,Long Fade,167.68,14,2347.52,24.74,1.05,2,26.02,1.11,-8.98,-0.38,-225.39,-2.25,12
53,Salida en largo,2019-03-14 15:30,Cierre EOD,170.23,14,2376.5,4.72,0.20,2,18.46,0.78,-10.8,-0.45,-220.67,-2.21,12
53,Entrada en largo,2019-03-14 09:30,Long Fade,169.75,14,2376.5,4.72,0.20,2,18.46,0.78,-10.8,-0.45,-220.67,-2.21,12
54,Salida en largo,2019-03-15 15:30,Cierre EOD,166.01,14,2296,26.14,1.14,2,36.66,1.60,-21.72,-0.95,-194.53,-1.95,12
54,Entrada en largo,2019-03-15 09:30,Long Fade,164,14,2296,26.14,1.14,2,36.66,1.60,-21.72,-0.95,-194.53,-1.95,12
55,Salida en largo,2019-03-18 15:30,Cierre EOD,160.43,15,2432.55,-28.1,-1.15,2,15.5,0.64,-44.05,-1.81,-222.63,-2.23,12
55,Entrada en largo,2019-03-18 09:30,Long Fade,162.17,15,2432.55,-28.1,-1.15,2,15.5,0.64,-44.05,-1.81,-222.63,-2.23,12
56,Salida en largo,2019-05-06 15:30,Cierre EOD,193.83,12,2320.56,3.4,0.15,2,9.68,0.42,-15.64,-0.67,-219.23,-2.19,12
56,Entrada en largo,2019-05-06 09:30,Long Fade,193.38,12,2320.56,3.4,0.15,2,9.68,0.42,-15.64,-0.67,-219.23,-2.19,12
57,Salida en largo,2019-05-09 15:30,Cierre EOD,188.67,12,2262.84,-0.8,-0.04,2,13.16,0.58,-23.68,-1.05,-220.03,-2.20,12
57,Entrada en largo,2019-05-09 09:30,Long Fade,188.57,12,2262.84,-0.8,-0.04,2,13.16,0.58,-23.68,-1.05,-220.03,-2.20,12
58,Salida en largo,2019-05-13 15:30,Cierre EOD,181.46,13,2388.36,-31.38,-1.31,2,15.38,0.64,-38.44,-1.61,-251.41,-2.51,12
58,Entrada en largo,2019-05-13 09:30,Long Fade,183.72,13,2388.36,-31.38,-1.31,2,15.38,0.64,-38.44,-1.61,-251.41,-2.51,12
59,Salida en largo,2019-05-20 15:30,Cierre EOD,182.66,13,2378.48,-5.9,-0.25,2,15.12,0.64,-13.35,-0.56,-257.31,-2.57,12
59,Entrada en largo,2019-05-20 09:30,Long Fade,182.96,13,2378.48,-5.9,-0.25,2,15.12,0.64,-13.35,-0.56,-257.31,-2.57,12
60,Salida en largo,2019-05-23 15:30,Cierre EOD,180.88,13,2378.35,-28.91,-1.22,2,4.07,0.17,-43.64,-1.83,-286.22,-2.86,12
60,Entrada en largo,2019-05-23 09:30,Long Fade,182.95,13,2378.35,-28.91,-1.22,2,4.07,0.17,-43.64,-1.83,-286.22,-2.86,12
61,Salida en largo,2019-05-31 15:30,Cierre EOD,177.39,13,2323.88,-19.81,-0.85,2,5.76,0.25,-21.67,-0.93,-306.03,-3.06,12
61,Entrada en largo,2019-05-31 09:30,Long Fade,178.76,13,2323.88,-19.81,-0.85,2,5.76,0.25,-21.67,-0.93,-306.03,-3.06,12
62,Salida en largo,2019-06-03 15:30,Cierre EOD,163.99,14,2386.72,-92.86,-3.89,2,16.92,0.71,-133.44,-5.59,-398.89,-3.99,12
62,Entrada en largo,2019-06-03 09:30,Long Fade,170.48,14,2386.72,-92.86,-3.89,2,16.92,0.71,-133.44,-5.59,-398.89,-3.99,12
63,Salida en largo,2019-07-24 15:30,Cierre EOD,204.64,12,2389.68,64,2.68,2,67.04,2.80,-1.24,-0.05,-334.89,-3.35,12
63,Entrada en largo,2019-07-24 09:30,Long Fade,199.14,12,2389.68,64,2.68,2,67.04,2.80,-1.24,-0.05,-334.89,-3.35,12
64,Salida en largo,2019-08-05 15:30,Cierre EOD,181.69,13,2402.27,-42.3,-1.76,2,0,0.00,-71.72,-2.98,-377.19,-3.77,12
64,Entrada en largo,2019-08-05 09:30,Long Fade,184.79,13,2402.27,-42.3,-1.76,2,0,0.00,-71.72,-2.98,-377.19,-3.77,12
65,Salida en largo,2019-08-14 15:30,Cierre EOD,179.7,12,2220.6,-66.2,-2.98,2,0.32,0.01,-69.52,-3.13,-443.39,-4.43,12
65,Entrada en largo,2019-08-14 09:30,Long Fade,185.05,12,2220.6,-66.2,-2.98,2,0.32,0.01,-69.52,-3.13,-443.39,-4.43,12
66,Salida en largo,2019-12-03 15:30,Cierre EOD,198.8,12,2357.4,26.2,1.11,2,28.76,1.22,-7.96,-0.34,-417.19,-4.17,12
66,Entrada en largo,2019-12-03 09:30,Long Fade,196.45,12,2357.4,26.2,1.11,2,28.76,1.22,-7.96,-0.34,-417.19,-4.17,12
67,Salida en largo,2020-01-03 15:30,Cierre EOD,208.53,11,2295.26,-3.43,-0.15,2,18.14,0.79,-8.15,-0.35,-420.62,-4.21,12
67,Entrada en largo,2020-01-03 09:30,Long Fade,208.66,11,2295.26,-3.43,-0.15,2,18.14,0.79,-8.15,-0.35,-420.62,-4.21,12
68,Salida en largo,2020-01-06 15:30,Cierre EOD,212.55,11,2309.56,26.49,1.15,2,30.02,1.30,-5.07,-0.22,-394.13,-3.94,12
68,Entrada en largo,2020-01-06 09:30,Long Fade,209.96,11,2309.56,26.49,1.15,2,30.02,1.30,-5.07,-0.22,-394.13,-3.94,12
69,Salida en largo,2020-01-27 15:30,Cierre EOD,214.89,11,2374.46,-12.67,-0.53,2,0,0.00,-20.25,-0.85,-406.8,-4.07,12
69,Entrada en largo,2020-01-27 09:30,Long Fade,215.86,11,2374.46,-12.67,-0.53,2,0,0.00,-20.25,-0.85,-406.8,-4.07,12
70,Salida en largo,2020-01-30 15:30,Cierre EOD,209.53,11,2313.41,-10.58,-0.46,2,11.21,0.48,-31.91,-1.38,-417.38,-4.17,12
70,Entrada en largo,2020-01-30 09:30,Long Fade,210.31,11,2313.41,-10.58,-0.46,2,11.21,0.48,-31.91,-1.38,-417.38,-4.17,12
71,Salida en largo,2020-02-11 15:30,Cierre EOD,207.13,11,2296.14,-19.71,-0.86,2,22.21,0.97,-25.42,-1.11,-437.09,-4.37,12
71,Entrada en largo,2020-02-11 09:30,Long Fade,208.74,11,2296.14,-19.71,-0.86,2,22.21,0.97,-25.42,-1.11,-437.09,-4.37,12
72,Salida en largo,2020-02-24 15:30,Cierre EOD,200.76,11,2226.84,-20.48,-0.92,2,5.71,0.26,-47.64,-2.14,-457.57,-4.58,12
72,Entrada en largo,2020-02-24 09:30,Long Fade,202.44,11,2226.84,-20.48,-0.92,2,5.71,0.26,-47.64,-2.14,-457.57,-4.58,12
73,Salida en largo,2020-02-27 15:30,Cierre EOD,189.69,12,2309.64,-35.36,-1.53,2,38.36,1.66,-34.36,-1.49,-492.93,-4.93,12
73,Entrada en largo,2020-02-27 09:30,Long Fade,192.47,12,2309.64,-35.36,-1.53,2,38.36,1.66,-34.36,-1.49,-492.93,-4.93,12
74,Salida en largo,2020-02-28 15:30,Cierre EOD,192.67,12,2250,60.04,2.67,2,61.28,2.72,-30.64,-1.36,-432.89,-4.33,12
74,Entrada en largo,2020-02-28 09:30,Long Fade,187.5,12,2250,60.04,2.67,2,61.28,2.72,-30.64,-1.36,-432.89,-4.33,12
75,Salida en largo,2020-03-05 15:30,Cierre EOD,185.01,12,2250.24,-32.12,-1.43,2,14.6,0.65,-44.44,-1.97,-465.01,-4.65,12
75,Entrada en largo,2020-03-05 09:30,Long Fade,187.52,12,2250.24,-32.12,-1.43,2,14.6,0.65,-44.44,-1.97,-465.01,-4.65,12
76,Salida en largo,2020-03-06 15:30,Cierre EOD,181.09,13,2340.65,11.52,0.49,2,32.02,1.37,-49.75,-2.12,-453.49,-4.53,12
76,Entrada en largo,2020-03-06 09:30,Long Fade,180.05,13,2340.65,11.52,0.49,2,32.02,1.37,-49.75,-2.12,-453.49,-4.53,12
77,Salida en largo,2020-03-09 15:30,Cierre EOD,168.58,14,2366,-7.88,-0.33,2,83,3.51,-7.3,-0.31,-461.37,-4.61,12
77,Entrada en largo,2020-03-09 09:30,Long Fade,169,14,2366,-7.88,-0.33,2,83,3.51,-7.3,-0.31,-461.37,-4.61,12
78,Salida en largo,2020-03-11 15:30,Cierre EOD,170.3,13,2257.19,-45.29,-2.01,2,7.19,0.32,-78.61,-3.48,-506.66,-5.07,12
78,Entrada en largo,2020-03-11 09:30,Long Fade,173.63,13,2257.19,-45.29,-2.01,2,7.19,0.32,-78.61,-3.48,-506.66,-5.07,12
79,Salida en largo,2020-03-12 15:30,Cierre EOD,154.44,14,2273.46,-113.3,-4.98,2,57.52,2.53,-113.7,-5.00,-619.96,-6.20,12
79,Entrada en largo,2020-03-12 09:30,Long Fade,162.39,14,2273.46,-113.3,-4.98,2,57.52,2.53,-113.7,-5.00,-619.96,-6.20,12
80,Salida en largo,2020-03-16 15:30,Cierre EOD,145.94,15,2274.45,-87.35,-3.84,2,111.35,4.89,-128.8,-5.66,-707.31,-7.07,12
80,Entrada en largo,2020-03-16 09:30,Long Fade,151.63,15,2274.45,-87.35,-3.84,2,111.35,4.89,-128.8,-5.66,-707.31,-7.07,12
81,Salida en largo,2020-03-18 15:30,Cierre EOD,147.29,16,2303.04,51.6,2.24,2,66.04,2.87,-109.64,-4.76,-655.71,-6.56,12
81,Entrada en largo,2020-03-18 09:30,Long Fade,143.94,16,2303.04,51.6,2.24,2,66.04,2.87,-109.64,-4.76,-655.71,-6.56,12
82,Salida en largo,2020-04-01 15:30,Cierre EOD,159.64,14,2263.24,-30.28,-1.34,2,33.3,1.47,-51.54,-2.28,-685.99,-6.86,12
82,Entrada en largo,2020-04-01 09:30,Long Fade,161.66,14,2263.24,-30.28,-1.34,2,33.3,1.47,-51.54,-2.28,-685.99,-6.86,12
83,Salida en largo,2020-05-28 15:30,Cierre EOD,225,10,2268.3,-20.3,-0.89,2,47,2.07,-25.4,-1.12,-706.29,-7.06,12
83,Entrada en largo,2020-05-28 09:30,Long Fade,226.83,10,2268.3,-20.3,-0.89,2,47,2.07,-25.4,-1.12,-706.29,-7.06,12
84,Salida en largo,2020-06-11 15:30,Cierre EOD,224.36,10,2316.8,-75.2,-3.24,2,10.9,0.47,-82.2,-3.55,-781.49,-7.81,12
84,Entrada en largo,2020-06-11 09:30,Long Fade,231.68,10,2316.8,-75.2,-3.24,2,10.9,0.47,-82.2,-3.55,-781.49,-7.81,12
85,Salida en largo,2020-06-29 15:30,Cierre EOD,220.7,10,2136.6,68.4,3.20,2,69.6,3.26,-9.1,-0.43,-713.09,-7.13,12
85,Entrada en largo,2020-06-29 09:30,Long Fade,213.66,10,2136.6,68.4,3.20,2,69.6,3.26,-9.1,-0.43,-713.09,-7.13,12
86,Salida en largo,2020-09-03 15:30,Cierre EOD,291.55,7,2059.89,-21.04,-1.02,2,14.05,0.68,-74.92,-3.64,-734.13,-7.34,12
86,Entrada en largo,2020-09-03 09:30,Long Fade,294.27,7,2059.89,-21.04,-1.02,2,14.05,0.68,-74.92,-3.64,-734.13,-7.34,12
87,Salida en largo,2020-09-08 15:30,Cierre EOD,271.03,8,2223.12,-56.88,-2.56,2,9.16,0.41,-60.28,-2.71,-791.01,-7.91,12
87,Entrada en largo,2020-09-08 09:30,Long Fade,277.89,8,2223.12,-56.88,-2.56,2,9.16,0.41,-60.28,-2.71,-791.01,-7.91,12
88,Salida en largo,2020-09-17 15:30,Cierre EOD,255.03,8,2073.84,-35.6,-1.72,2,9.16,0.44,-73,-3.52,-826.61,-8.27,12
88,Entrada en largo,2020-09-17 09:30,Long Fade,259.23,8,2073.84,-35.6,-1.72,2,9.16,0.44,-73,-3.52,-826.61,-8.27,12
89,Salida en largo,2020-10-02 15:30,Cierre EOD,259.85,8,2109.6,-32.8,-1.55,2,10.6,0.50,-36.6,-1.73,-859.41,-8.59,12
89,Entrada en largo,2020-10-02 09:30,Long Fade,263.7,8,2109.6,-32.8,-1.55,2,10.6,0.50,-36.6,-1.73,-859.41,-8.59,12
90,Salida en largo,2020-10-15 15:30,Cierre EOD,266.81,8,2137.92,-5.44,-0.25,2,0.12,0.01,-29.48,-1.38,-864.85,-8.65,12
90,Entrada en largo,2020-10-15 09:30,Long Fade,267.24,8,2137.92,-5.44,-0.25,2,0.12,0.01,-29.48,-1.38,-864.85,-8.65,12
91,Salida en largo,2020-10-28 15:30,Cierre EOD,267.49,8,2188,-50.08,-2.29,2,0,0.00,-50.84,-2.32,-914.93,-9.15,12
91,Entrada en largo,2020-10-28 09:30,Long Fade,273.5,8,2188,-50.08,-2.29,2,0,0.00,-50.84,-2.32,-914.93,-9.15,12
92,Salida en largo,2020-10-30 15:30,Cierre EOD,263.73,8,2143.44,-35.6,-1.66,2,2.28,0.11,-71.4,-3.33,-950.53,-9.51,12
92,Entrada en largo,2020-10-30 09:30,Long Fade,267.93,8,2143.44,-35.6,-1.66,2,2.28,0.11,-71.4,-3.33,-950.53,-9.51,12
93,Salida en largo,2021-01-06 15:30,Cierre EOD,263.3,8,2107.2,-2.8,-0.13,2,33.4,1.58,-4.68,-0.22,-953.33,-9.53,12
93,Entrada en largo,2021-01-06 09:30,Long Fade,263.4,8,2107.2,-2.8,-0.13,2,33.4,1.58,-4.68,-0.22,-953.33,-9.53,12
94,Salida en largo,2021-01-11 15:30,Cierre EOD,256.82,8,2088,-35.44,-1.70,2,18.12,0.87,-39.64,-1.90,-988.77,-9.89,12
94,Entrada en largo,2021-01-11 09:30,Long Fade,261,8,2088,-35.44,-1.70,2,18.12,0.87,-39.64,-1.90,-988.77,-9.89,12
95,Salida en largo,2021-02-18 15:30,Cierre EOD,269.33,8,2152.16,0.48,0.02,2,14.44,0.67,-24.92,-1.16,-988.29,-9.88,12
95,Entrada en largo,2021-02-18 09:30,Long Fade,269.02,8,2152.16,0.48,0.02,2,14.44,0.67,-24.92,-1.16,-988.29,-9.88,12
96,Salida en largo,2021-02-22 15:30,Cierre EOD,260.32,8,2084.64,-4.08,-0.20,2,18.84,0.90,-25,-1.20,-992.37,-9.92,12
96,Entrada en largo,2021-02-22 09:30,Long Fade,260.58,8,2084.64,-4.08,-0.20,2,18.84,0.90,-25,-1.20,-992.37,-9.92,12
97,Salida en largo,2021-03-12 15:30,Cierre EOD,268.37,8,2143.68,1.28,0.06,2,12.6,0.59,-32.52,-1.52,-991.09,-9.91,12
97,Entrada en largo,2021-03-12 09:30,Long Fade,267.96,8,2143.68,1.28,0.06,2,12.6,0.59,-32.52,-1.52,-991.09,-9.91,12
98,Salida en largo,2021-05-10 15:30,Cierre EOD,306.01,7,2167.62,-27.55,-1.27,2,1.24,0.06,-34.53,-1.59,-1018.64,-10.19,12
98,Entrada en largo,2021-05-10 09:30,Long Fade,309.66,7,2167.62,-27.55,-1.27,2,1.24,0.06,-34.53,-1.59,-1018.64,-10.19,12
99,Salida en largo,2021-05-11 15:30,Cierre EOD,306.42,7,2125.06,17.88,0.84,2,21.82,1.03,-23.47,-1.10,-1000.76,-10.01,12
99,Entrada en largo,2021-05-11 09:30,Long Fade,303.58,7,2125.06,17.88,0.84,2,21.82,1.03,-23.47,-1.10,-1000.76,-10.01,12
100,Salida en largo,2021-05-12 15:30,Cierre EOD,302.6,7,2115.89,0.31,0.01,2,17.83,0.84,-29.42,-1.39,-1000.45,-10.00,12
100,Entrada en largo,2021-05-12 09:30,Long Fade,302.27,7,2115.89,0.31,0.01,2,17.83,0.84,-29.42,-1.39,-1000.45,-10.00,12
101,Salida en largo,2021-05-19 15:30,Cierre EOD,313.62,7,2142.84,50.5,2.36,2,58.78,2.74,-7.09,-0.33,-949.95,-9.50,12
101,Entrada en largo,2021-05-19 09:30,Long Fade,306.12,7,2142.84,50.5,2.36,2,58.78,2.74,-7.09,-0.33,-949.95,-9.50,12
102,Salida en largo,2021-06-03 15:30,Cierre EOD,326.04,6,1955.28,-1.04,-0.05,2,7.58,0.39,-13.36,-0.68,-950.99,-9.51,12
102,Entrada en largo,2021-06-03 09:30,Long Fade,325.88,6,1955.28,-1.04,-0.05,2,7.58,0.39,-13.36,-0.68,-950.99,-9.51,12
103,Salida en largo,2021-07-08 15:30,Cierre EOD,345.61,6,2069.46,2.2,0.11,2,19.1,0.92,-11.2,-0.54,-948.79,-9.49,12
103,Entrada en largo,2021-07-08 09:30,Long Fade,344.91,6,2069.46,2.2,0.11,2,19.1,0.92,-11.2,-0.54,-948.79,-9.49,12
104,Salida en largo,2021-07-19 15:30,Cierre EOD,336.93,6,2019.9,-0.32,-0.02,2,11.48,0.57,-11.08,-0.55,-949.11,-9.49,12
104,Entrada en largo,2021-07-19 09:30,Long Fade,336.65,6,2019.9,-0.32,-0.02,2,11.48,0.57,-11.08,-0.55,-949.11,-9.49,12
105,Salida en largo,2021-07-29 15:30,Cierre EOD,358.37,6,2160,-11.78,-0.55,2,8,0.37,-20.56,-0.95,-960.89,-9.61,12
105,Entrada en largo,2021-07-29 09:30,Long Fade,360,6,2160,-11.78,-0.55,2,8,0.37,-20.56,-0.95,-960.89,-9.61,12
106,Salida en largo,2021-08-17 15:30,Cierre EOD,358.38,6,2176.32,-28.04,-1.29,2,4.88,0.22,-46.78,-2.15,-988.93,-9.89,12
106,Entrada en largo,2021-08-17 09:30,Long Fade,362.72,6,2176.32,-28.04,-1.29,2,4.88,0.22,-46.78,-2.15,-988.93,-9.89,12
107,Salida en largo,2021-08-19 15:30,Cierre EOD,355.23,6,2125.86,3.52,0.17,2,18.14,0.85,-4.54,-0.21,-985.41,-9.85,12
107,Entrada en largo,2021-08-19 09:30,Long Fade,354.31,6,2125.86,3.52,0.17,2,18.14,0.85,-4.54,-0.21,-985.41,-9.85,12
108,Salida en largo,2021-09-20 15:30,Cierre EOD,355.79,6,2144.64,-11.9,-0.55,2,0,0.00,-46.36,-2.16,-997.31,-9.97,12
108,Entrada en largo,2021-09-20 09:30,Long Fade,357.44,6,2144.64,-11.9,-0.55,2,0,0.00,-46.36,-2.16,-997.31,-9.97,12
109,Salida en largo,2021-09-22 15:30,Cierre EOD,343.23,6,2073.06,-15.68,-0.76,2,5.6,0.27,-29.8,-1.44,-1012.99,-10.13,12
109,Entrada en largo,2021-09-22 09:30,Long Fade,345.51,6,2073.06,-15.68,-0.76,2,5.6,0.27,-29.8,-1.44,-1012.99,-10.13,12
110,Salida en largo,2021-09-28 15:30,Cierre EOD,340.88,6,2068.74,-25.46,-1.23,2,0,0.00,-36.1,-1.74,-1038.45,-10.38,12
110,Entrada en largo,2021-09-28 09:30,Long Fade,344.79,6,2068.74,-25.46,-1.23,2,0,0.00,-36.1,-1.74,-1038.45,-10.38,12
111,Salida en largo,2021-10-04 15:30,Cierre EOD,326.37,6,1989.12,-32.9,-1.65,2,0,0.00,-53.68,-2.70,-1071.35,-10.71,12
111,Entrada en largo,2021-10-04 09:30,Long Fade,331.52,6,1989.12,-32.9,-1.65,2,0,0.00,-53.68,-2.70,-1071.35,-10.71,12
112,Salida en largo,2021-10-22 15:30,Cierre EOD,324.65,6,1945.38,0.52,0.03,2,7.7,0.40,-19.54,-1.00,-1070.83,-10.71,12
112,Entrada en largo,2021-10-22 09:30,Long Fade,324.23,6,1945.38,0.52,0.03,2,7.7,0.40,-19.54,-1.00,-1070.83,-10.71,12
113,Salida en largo,2021-10-25 15:30,Cierre EOD,328.96,6,1956.66,15.1,0.77,2,19.46,0.99,-19.6,-1.00,-1055.73,-10.56,12
113,Entrada en largo,2021-10-25 09:30,Long Fade,326.11,6,1956.66,15.1,0.77,2,19.46,0.99,-19.6,-1.00,-1055.73,-10.56,12
114,Salida en largo,2021-11-26 12:30,Cierre EOD,333.38,6,2019.36,-21.08,-1.04,2,0,0.00,-28.84,-1.43,-1076.81,-10.77,6
114,Entrada en largo,2021-11-26 09:30,Long Fade,336.56,6,2019.36,-21.08,-1.04,2,0,0.00,-28.84,-1.43,-1076.81,-10.77,6
115,Salida en largo,2021-12-14 15:30,Cierre EOD,333.7,6,1986.48,13.72,0.69,2,26.36,1.33,-21.4,-1.08,-1063.09,-10.63,12
115,Entrada en largo,2021-12-14 09:30,Long Fade,331.08,6,1986.48,13.72,0.69,2,26.36,1.33,-21.4,-1.08,-1063.09,-10.63,12
116,Salida en largo,2022-01-10 15:30,Cierre EOD,328.05,6,1928.34,37.96,1.97,2,40.46,2.10,-36.16,-1.87,-1025.13,-10.25,12
116,Entrada en largo,2022-01-10 09:30,Long Fade,321.39,6,1928.34,37.96,1.97,2,40.46,2.10,-36.16,-1.87,-1025.13,-10.25,12
117,Salida en largo,2022-01-18 15:30,Cierre EOD,318.28,6,1923.54,-15.86,-0.82,2,18.74,0.97,-18.28,-0.95,-1040.99,-10.41,12
117,Entrada en largo,2022-01-18 09:30,Long Fade,320.59,6,1923.54,-15.86,-0.82,2,18.74,0.97,-18.28,-0.95,-1040.99,-10.41,12
118,Salida en largo,2022-01-25 15:30,Cierre EOD,300.24,7,2095.52,4.16,0.20,2,47.09,2.25,-12.48,-0.60,-1036.83,-10.37,12
118,Entrada en largo,2022-01-25 09:30,Long Fade,299.36,7,2095.52,4.16,0.20,2,47.09,2.25,-12.48,-0.60,-1036.83,-10.37,12
119,Salida en largo,2022-02-03 15:30,Cierre EOD,237.77,9,2170.89,-32.96,-1.52,2,59.93,2.76,-50.14,-2.31,-1069.79,-10.70,12
119,Entrada en largo,2022-02-03 09:30,Long Fade,241.21,9,2170.89,-32.96,-1.52,2,59.93,2.76,-50.14,-2.31,-1069.79,-10.70,12
120,Salida en largo,2022-02-16 15:30,Cierre EOD,216.44,10,2150,12.4,0.58,2,23.6,1.10,-16.2,-0.75,-1057.39,-10.57,12
120,Entrada en largo,2022-02-16 09:30,Long Fade,215,10,2150,12.4,0.58,2,23.6,1.10,-16.2,-0.75,-1057.39,-10.57,12
121,Salida en largo,2022-02-24 15:30,Cierre EOD,207.37,11,2152.81,126.26,5.86,2,137.82,6.40,-20.03,-0.93,-931.13,-9.31,12
121,Entrada en largo,2022-02-24 09:30,Long Fade,195.71,11,2152.81,126.26,5.86,2,137.82,6.40,-20.03,-0.93,-931.13,-9.31,12
122,Salida en largo,2022-04-06 15:30,Cierre EOD,223.3,10,2241.4,-10.4,-0.46,2,16.9,0.75,-27.9,-1.24,-941.53,-9.42,12
122,Entrada en largo,2022-04-06 09:30,Long Fade,224.14,10,2241.4,-10.4,-0.46,2,16.9,0.75,-27.9,-1.24,-941.53,-9.42,12
123,Salida en largo,2022-04-11 15:30,Cierre EOD,216.44,10,2196.5,-34.1,-1.55,2,7.8,0.35,-45,-2.05,-975.63,-9.76,12
123,Entrada en largo,2022-04-11 09:30,Long Fade,219.65,10,2196.5,-34.1,-1.55,2,7.8,0.35,-45,-2.05,-975.63,-9.76,12
124,Salida en largo,2022-04-20 15:30,Cierre EOD,200.58,10,2079.4,-75.6,-3.63,2,4.3,0.21,-90.7,-4.36,-1051.23,-10.51,12
124,Entrada en largo,2022-04-20 09:30,Long Fade,207.94,10,2079.4,-75.6,-3.63,2,4.3,0.21,-90.7,-4.36,-1051.23,-10.51,12
125,Salida en largo,2022-04-27 15:30,Cierre EOD,174.89,12,2136,-39.32,-1.84,2,20,0.94,-108.16,-5.06,-1090.55,-10.91,12
125,Entrada en largo,2022-04-27 09:30,Long Fade,178,12,2136,-39.32,-1.84,2,20,0.94,-108.16,-5.06,-1090.55,-10.91,12
126,Salida en largo,2022-05-24 15:30,Cierre EOD,181.08,12,2122.8,48.16,2.27,2,64.76,3.05,-8.8,-0.41,-1042.39,-10.42,12
126,Entrada en largo,2022-05-24 09:30,Long Fade,176.9,12,2122.8,48.16,2.27,2,64.76,3.05,-8.8,-0.41,-1042.39,-10.42,12
127,Salida en largo,2022-06-13 15:30,Cierre EOD,164.26,13,2197.91,-64.53,-2.93,2,11.61,0.53,-66.52,-3.03,-1106.92,-11.07,12
127,Entrada en largo,2022-06-13 09:30,Long Fade,169.07,13,2197.91,-64.53,-2.93,2,11.61,0.53,-66.52,-3.03,-1106.92,-11.07,12
128,Salida en largo,2022-06-16 15:30,Cierre EOD,160.85,13,2112.37,-23.32,-1.10,2,3.03,0.14,-38.31,-1.81,-1130.24,-11.30,12
128,Entrada en largo,2022-06-16 09:30,Long Fade,162.49,13,2112.37,-23.32,-1.10,2,3.03,0.14,-38.31,-1.81,-1130.24,-11.30,12
129,Salida en largo,2022-07-22 15:30,Cierre EOD,169.27,12,2072.88,-43.64,-2.10,2,6.2,0.30,-52.48,-2.53,-1173.88,-11.74,12
129,Entrada en largo,2022-07-22 09:30,Long Fade,172.74,12,2072.88,-43.64,-2.10,2,6.2,0.30,-52.48,-2.53,-1173.88,-11.74,12
130,Salida en largo,2022-07-28 15:30,Cierre EOD,160.7,14,2192.54,55.26,2.52,2,67.32,3.07,-10.94,-0.50,-1118.62,-11.19,12
130,Entrada en largo,2022-07-28 09:30,Long Fade,156.61,14,2192.54,55.26,2.52,2,67.32,3.07,-10.94,-0.50,-1118.62,-11.19,12
131,Salida en largo,2022-08-19 15:30,Cierre EOD,167.92,13,2210.52,-29.56,-1.34,2,0.43,0.02,-39.48,-1.79,-1148.18,-11.48,12
131,Entrada en largo,2022-08-19 09:30,Long Fade,170.04,13,2210.52,-29.56,-1.34,2,0.43,0.02,-39.48,-1.79,-1148.18,-11.48,12
132,Salida en largo,2022-09-13 15:30,Cierre EOD,153.09,13,2056.86,-68.69,-3.34,2,0.95,0.05,-73.15,-3.55,-1216.87,-12.17,12
132,Entrada en largo,2022-09-13 09:30,Long Fade,158.22,13,2056.86,-68.69,-3.34,2,0.95,0.05,-73.15,-3.55,-1216.87,-12.17,12
133,Salida en largo,2022-10-13 15:30,Cierre EOD,130.26,17,2118.03,94.39,4.45,2,110.18,5.20,-6.61,-0.31,-1122.48,-11.22,12
133,Entrada en largo,2022-10-13 09:30,Long Fade,124.59,17,2118.03,94.39,4.45,2,110.18,5.20,-6.61,-0.31,-1122.48,-11.22,12
134,Salida en largo,2022-10-21 15:30,Cierre EOD,129.97,17,2181.78,25.71,1.18,2,28.58,1.31,-49.96,-2.29,-1096.77,-10.97,12
134,Entrada en largo,2022-10-21 09:30,Long Fade,128.34,17,2181.78,25.71,1.18,2,28.58,1.31,-49.96,-2.29,-1096.77,-10.97,12
135,Salida en largo,2022-10-26 15:30,Cierre EOD,129.94,16,2113.12,-36.08,-1.71,2,54.36,2.57,-57.32,-2.71,-1132.85,-11.33,12
135,Entrada en largo,2022-10-26 09:30,Long Fade,132.07,16,2113.12,-36.08,-1.71,2,54.36,2.57,-57.32,-2.71,-1132.85,-11.33,12
136,Salida en largo,2022-10-27 15:30,Cierre EOD,97.94,21,2126.46,-71.72,-3.37,2,25.04,1.18,-103.06,-4.84,-1204.57,-12.05,12
136,Entrada en largo,2022-10-27 09:30,Long Fade,101.26,21,2126.46,-71.72,-3.37,2,25.04,1.18,-103.06,-4.84,-1204.57,-12.05,12
137,Salida en largo,2022-12-02 15:30,Cierre EOD,123.47,18,2160.54,59.92,2.77,2,71,3.28,-4.6,-0.21,-1144.65,-11.45,12
137,Entrada en largo,2022-12-02 09:30,Long Fade,120.03,18,2160.54,59.92,2.77,2,71,3.28,-4.6,-0.21,-1144.65,-11.45,12
138,Salida en largo,2022-12-15 15:30,Cierre EOD,116.19,18,2110.68,-21.26,-1.01,2,6.38,0.30,-59.32,-2.81,-1165.91,-11.66,12
138,Entrada en largo,2022-12-15 09:30,Long Fade,117.26,18,2110.68,-21.26,-1.01,2,6.38,0.30,-59.32,-2.81,-1165.91,-11.66,12
139,Salida en largo,2023-01-30 15:30,Cierre EOD,147.05,14,2107.56,-50.86,-2.41,2,4.6,0.22,-51.12,-2.42,-1216.77,-12.17,12
139,Entrada en largo,2023-01-30 09:30,Long Fade,150.54,14,2107.56,-50.86,-2.41,2,4.6,0.22,-51.12,-2.42,-1216.77,-12.17,12
140,Salida en largo,2023-02-03 15:30,Cierre EOD,186.5,11,2133.67,-84.17,-3.94,2,8.24,0.39,-85.48,-4.00,-1300.94,-13.01,12
140,Entrada en largo,2023-02-03 09:30,Long Fade,193.97,11,2133.67,-84.17,-3.94,2,8.24,0.39,-85.48,-4.00,-1300.94,-13.01,12
141,Salida en largo,2023-02-16 15:30,Cierre EOD,172.42,12,2088.72,-21.68,-1.04,2,20.48,0.98,-23.08,-1.10,-1322.62,-13.23,12
141,Entrada en largo,2023-02-16 09:30,Long Fade,174.06,12,2088.72,-21.68,-1.04,2,20.48,0.98,-23.08,-1.10,-1322.62,-13.23,12
142,Salida en largo,2023-02-24 15:30,Cierre EOD,170.38,12,2030.16,12.4,0.61,2,17.48,0.86,-18.88,-0.93,-1310.22,-13.10,12
142,Entrada en largo,2023-02-24 09:30,Long Fade,169.18,12,2030.16,12.4,0.61,2,17.48,0.86,-18.88,-0.93,-1310.22,-13.10,12
143,Salida en largo,2023-03-17 15:30,Cierre EOD,195.67,10,2008.1,-53.4,-2.66,2,9.9,0.49,-54.7,-2.72,-1363.62,-13.64,12
143,Entrada en largo,2023-03-17 09:30,Long Fade,200.81,10,2008.1,-53.4,-2.66,2,9.9,0.49,-54.7,-2.72,-1363.62,-13.64,12
144,Salida en largo,2023-04-19 15:30,Cierre EOD,215.65,10,2139.9,14.6,0.68,2,32.4,1.51,-1.4,-0.07,-1349.02,-13.49,12
144,Entrada en largo,2023-04-19 09:30,Long Fade,213.99,10,2139.9,14.6,0.68,2,32.4,1.51,-1.4,-0.07,-1349.02,-13.49,12
145,Salida en largo,2023-04-21 15:30,Cierre EOD,212.92,10,2109.3,17.9,0.85,2,23.7,1.12,-12.7,-0.60,-1331.12,-13.31,12
145,Entrada en largo,2023-04-21 09:30,Long Fade,210.93,10,2109.3,17.9,0.85,2,23.7,1.12,-12.7,-0.60,-1331.12,-13.31,12
146,Salida en largo,2023-08-18 15:30,Cierre EOD,283.26,7,1928.64,52.18,2.70,2,70.19,3.64,-9.05,-0.47,-1278.94,-12.79,12
146,Entrada en largo,2023-08-18 09:30,Long Fade,275.52,7,1928.64,52.18,2.70,2,70.19,3.64,-9.05,-0.47,-1278.94,-12.79,12
147,Salida en largo,2023-12-04 15:30,Cierre EOD,319.94,6,1895.7,21.94,1.16,2,28.46,1.50,-7.3,-0.38,-1257,-12.57,12
147,Entrada en largo,2023-12-04 09:30,Long Fade,315.95,6,1895.7,21.94,1.16,2,28.46,1.50,-7.3,-0.38,-1257,-12.57,12
148,Salida en largo,2024-01-31 15:30,Cierre EOD,390,5,1971.4,-23.4,-1.19,2,17.6,0.89,-26.8,-1.36,-1280.4,-12.80,12
148,Entrada en largo,2024-01-31 09:30,Long Fade,394.28,5,1971.4,-23.4,-1.19,2,17.6,0.89,-26.8,-1.36,-1280.4,-12.80,12
149,Salida en largo,2024-02-13 15:30,Cierre EOD,460.1,4,1849.88,-11.48,-0.62,2,20.48,1.11,-15.36,-0.83,-1291.88,-12.92,12
149,Entrada en largo,2024-02-13 09:30,Long Fade,462.47,4,1849.88,-11.48,-0.62,2,20.48,1.11,-15.36,-0.83,-1291.88,-12.92,12
150,Salida en largo,2024-03-11 15:30,Cierre EOD,483.7,4,1923.6,9.2,0.48,2,32.72,1.70,-20.6,-1.07,-1282.68,-12.83,12
150,Entrada en largo,2024-03-11 09:30,Long Fade,480.9,4,1923.6,9.2,0.48,2,32.72,1.70,-20.6,-1.07,-1282.68,-12.83,12
151,Salida en largo,2024-03-19 15:30,Cierre EOD,496.3,4,1943.68,39.52,2.03,2,41.72,2.15,-3,-0.15,-1243.16,-12.43,12
151,Entrada en largo,2024-03-19 09:30,Long Fade,485.92,4,1943.68,39.52,2.03,2,41.72,2.15,-3,-0.15,-1243.16,-12.43,12
152,Salida en largo,2024-04-10 15:30,Cierre EOD,519.77,4,2072.08,5,0.24,2,16.96,0.82,-11.84,-0.57,-1238.16,-12.38,12
152,Entrada en largo,2024-04-10 09:30,Long Fade,518.02,4,2072.08,5,0.24,2,16.96,0.82,-11.84,-0.57,-1238.16,-12.38,12
153,Salida en largo,2024-04-25 15:30,Cierre EOD,441.35,5,2135.05,69.7,3.26,2,93.15,4.36,-16,-0.75,-1168.46,-11.68,12
153,Entrada en largo,2024-04-25 09:30,Long Fade,427.01,5,2135.05,69.7,3.26,2,93.15,4.36,-16,-0.75,-1168.46,-11.68,12
154,Salida en largo,2024-07-12 15:30,Cierre EOD,498.83,4,2001.08,-7.76,-0.39,2,30.32,1.51,-13.04,-0.65,-1176.22,-11.76,12
154,Entrada en largo,2024-07-12 09:30,Long Fade,500.27,4,2001.08,-7.76,-0.39,2,30.32,1.51,-13.04,-0.65,-1176.22,-11.76,12
155,Salida en largo,2024-07-17 15:30,Cierre EOD,462,4,1899.56,-53.56,-2.82,2,0.08,0.00,-64.08,-3.37,-1229.78,-12.30,12
155,Entrada en largo,2024-07-17 09:30,Long Fade,474.89,4,1899.56,-53.56,-2.82,2,0.08,0.00,-64.08,-3.37,-1229.78,-12.30,12
156,Salida en largo,2024-07-24 15:30,Cierre EOD,461.3,4,1895.24,-52.04,-2.74,2,2.2,0.12,-53.84,-2.84,-1281.82,-12.82,12
156,Entrada en largo,2024-07-24 09:30,Long Fade,473.81,4,1895.24,-52.04,-2.74,2,2.2,0.12,-53.84,-2.84,-1281.82,-12.82,12
157,Salida en largo,2024-08-05 15:30,Cierre EOD,475.92,4,1866.36,35.32,1.89,2,66.36,3.55,-1.16,-0.06,-1246.5,-12.46,12
157,Entrada en largo,2024-08-05 09:30,Long Fade,466.59,4,1866.36,35.32,1.89,2,66.36,3.55,-1.16,-0.06,-1246.5,-12.46,12
158,Salida en largo,2024-10-31 15:30,Cierre EOD,566.74,3,1735.41,-37.19,-2.14,2,2.36,0.14,-47.29,-2.72,-1283.69,-12.84,12
158,Entrada en largo,2024-10-31 09:30,Long Fade,578.47,3,1735.41,-37.19,-2.14,2,2.36,0.14,-47.29,-2.72,-1283.69,-12.84,12
159,Salida en largo,2024-11-06 15:30,Cierre EOD,571.77,3,1686,27.31,1.62,2,32,1.90,-5.56,-0.33,-1256.38,-12.56,12
159,Entrada en largo,2024-11-06 09:30,Long Fade,562,3,1686,27.31,1.62,2,32,1.90,-5.56,-0.33,-1256.38,-12.56,12
160,Salida en largo,2024-12-30 15:30,Cierre EOD,590.92,3,1760.34,10.42,0.59,2,29.51,1.68,-4.45,-0.25,-1245.96,-12.46,12
160,Entrada en largo,2024-12-30 09:30,Long Fade,586.78,3,1760.34,10.42,0.59,2,29.51,1.68,-4.45,-0.25,-1245.96,-12.46,12
161,Salida en largo,2025-01-13 15:30,Cierre EOD,608.3,3,1812.69,10.21,0.56,2,12.68,0.70,-17.17,-0.95,-1235.75,-12.36,12
161,Entrada en largo,2025-01-13 09:30,Long Fade,604.23,3,1812.69,10.21,0.56,2,12.68,0.70,-17.17,-0.95,-1235.75,-12.36,12
162,Salida en largo,2025-01-27 15:30,Cierre EOD,659.92,3,1913.22,64.54,3.37,2,76.85,4.01,-3.1,-0.16,-1171.21,-11.71,12
162,Entrada en largo,2025-01-27 09:30,Long Fade,637.74,3,1913.22,64.54,3.37,2,76.85,4.01,-3.1,-0.16,-1171.21,-11.71,12
163,Salida en largo,2025-02-03 15:30,Cierre EOD,697.08,3,2081.22,8.02,0.39,2,29.78,1.43,-31.36,-1.51,-1163.19,-11.63,12
163,Entrada en largo,2025-02-03 09:30,Long Fade,693.74,3,2081.22,8.02,0.39,2,29.78,1.43,-31.36,-1.51,-1163.19,-11.63,12
164,Salida en largo,2025-02-19 15:30,Cierre EOD,703.62,3,2104.5,4.36,0.21,2,14,0.66,-19.45,-0.92,-1158.83,-11.59,12
164,Entrada en largo,2025-02-19 09:30,Long Fade,701.5,3,2104.5,4.36,0.21,2,14,0.66,-19.45,-0.92,-1158.83,-11.59,12
165,Salida en largo,2025-03-10 15:30,Cierre EOD,598.16,3,1815.66,-23.18,-1.28,2,0,0.00,-55.72,-3.07,-1182.01,-11.82,12
165,Entrada en largo,2025-03-10 09:30,Long Fade,605.22,3,1815.66,-23.18,-1.28,2,0,0.00,-55.72,-3.07,-1182.01,-11.82,12
166,Salida en largo,2025-03-31 15:30,Cierre EOD,576.48,3,1682.04,45.4,2.70,2,53.06,3.15,-5.98,-0.36,-1136.61,-11.37,12
166,Entrada en largo,2025-03-31 09:30,Long Fade,560.68,3,1682.04,45.4,2.70,2,53.06,3.15,-5.98,-0.36,-1136.61,-11.37,12
167,Salida en largo,2025-04-02 15:30,Cierre EOD,583.94,3,1758.51,-8.69,-0.49,2,18.44,1.05,-28.78,-1.64,-1145.3,-11.45,12
167,Entrada en largo,2025-04-02 09:30,Long Fade,586.17,3,1758.51,-8.69,-0.49,2,18.44,1.05,-28.78,-1.64,-1145.3,-11.45,12
168,Salida en largo,2025-04-03 15:30,Cierre EOD,531.43,4,2175.28,-51.56,-2.37,2,33.88,1.56,-55.08,-2.53,-1196.86,-11.97,12
168,Entrada en largo,2025-04-03 09:30,Long Fade,543.82,4,2175.28,-51.56,-2.37,2,33.88,1.56,-55.08,-2.53,-1196.86,-11.97,12
169,Salida en largo,2025-04-04 15:30,Cierre EOD,504.98,4,2064.12,-46.2,-2.24,2,5,0.24,-87.56,-4.24,-1243.06,-12.43,12
169,Entrada en largo,2025-04-04 09:30,Long Fade,516.03,4,2064.12,-46.2,-2.24,2,5,0.24,-87.56,-4.24,-1243.06,-12.43,12
170,Salida en largo,2025-04-07 15:30,Cierre EOD,516.35,4,1992.08,71.32,3.58,2,164.6,8.26,-7.44,-0.37,-1171.74,-11.72,12
170,Entrada en largo,2025-04-07 09:30,Long Fade,498.02,4,1992.08,71.32,3.58,2,164.6,8.26,-7.44,-0.37,-1171.74,-11.72,12
171,Salida en largo,2025-04-30 15:30,Cierre EOD,546.43,4,2127.16,56.56,2.66,2,67.84,3.19,-3.84,-0.18,-1115.18,-11.15,12
171,Entrada en largo,2025-04-30 09:30,Long Fade,531.79,4,2127.16,56.56,2.66,2,67.84,3.19,-3.84,-0.18,-1115.18,-11.15,12
172,Salida en largo,2025-05-19 15:30,Cierre EOD,640.4,3,1911.96,7.24,0.38,2,16.04,0.84,-1.48,-0.08,-1107.94,-11.08,12
172,Entrada en largo,2025-05-19 09:30,Long Fade,637.32,3,1911.96,7.24,0.38,2,16.04,0.84,-1.48,-0.08,-1107.94,-11.08,12
173,Salida en largo,2025-05-23 15:30,Cierre EOD,627.21,3,1879.95,-0.32,-0.02,2,16.37,0.87,-4.21,-0.22,-1108.26,-11.08,12
173,Entrada en largo,2025-05-23 09:30,Long Fade,626.65,3,1879.95,-0.32,-0.02,2,16.37,0.87,-4.21,-0.22,-1108.26,-11.08,12
174,Salida en largo,2025-08-01 15:30,Cierre EOD,749.99,2,1507.02,-9.04,-0.60,2,10.98,0.73,-17.4,-1.15,-1117.3,-11.17,12
174,Entrada en largo,2025-08-01 09:30,Long Fade,753.51,2,1507.02,-9.04,-0.60,2,10.98,0.73,-17.4,-1.15,-1117.3,-11.17,12
175,Salida en largo,2025-08-18 15:30,Cierre EOD,767.31,2,1521.46,11.16,0.73,2,20.52,1.35,-1.96,-0.13,-1106.14,-11.06,12
175,Entrada en largo,2025-08-18 09:30,Long Fade,760.73,2,1521.46,11.16,0.73,2,20.52,1.35,-1.96,-0.13,-1106.14,-11.06,12
176,Salida en largo,2025-09-02 15:30,Cierre EOD,735.16,3,2195.04,8.44,0.38,2,11.96,0.54,-20.95,-0.95,-1097.7,-10.98,12
176,Entrada en largo,2025-09-02 09:30,Long Fade,731.68,3,2195.04,8.44,0.38,2,11.96,0.54,-20.95,-0.95,-1097.7,-10.98,12
177,Salida en largo,2025-10-01 15:30,Cierre EOD,717.44,3,2136.66,13.66,0.64,2,26.54,1.24,-6.97,-0.33,-1084.04,-10.84,12
177,Entrada en largo,2025-10-01 09:30,Long Fade,712.22,3,2136.66,13.66,0.64,2,26.54,1.24,-6.97,-0.33,-1084.04,-10.84,12
178,Salida en largo,2025-10-30 15:30,Cierre EOD,666.09,3,1997.76,-1.49,-0.07,2,43.94,2.20,-41.32,-2.07,-1085.53,-10.86,12
178,Entrada en largo,2025-10-30 09:30,Long Fade,665.92,3,1997.76,-1.49,-0.07,2,43.94,2.20,-41.32,-2.07,-1085.53,-10.86,12
179,Salida en largo,2025-11-18 15:30,Cierre EOD,597.56,3,1760.85,29.83,1.69,2,48.95,2.78,-10.45,-0.59,-1055.7,-10.56,12
179,Entrada en largo,2025-11-18 09:30,Long Fade,586.95,3,1760.85,29.83,1.69,2,48.95,2.78,-10.45,-0.59,-1055.7,-10.56,12
180,Salida en largo,2026-01-20 15:30,Cierre EOD,604.74,3,1821.06,-8.84,-0.49,2,11.96,0.66,-15.4,-0.85,-1064.54,-10.65,12
180,Entrada en largo,2026-01-20 09:30,Long Fade,607.02,3,1821.06,-8.84,-0.49,2,11.96,0.66,-15.4,-0.85,-1064.54,-10.65,12
181,Salida en largo,2026-02-27 15:30,Cierre EOD,648.15,3,1942.23,0.22,0.01,2,4.04,0.21,-28.87,-1.49,-1064.32,-10.64,12
181,Entrada en largo,2026-02-27 09:30,Long Fade,647.41,3,1942.23,0.22,0.01,2,4.04,0.21,-28.87,-1.49,-1064.32,-10.64,12
182,Salida en largo,2026-03-02 15:30,Cierre EOD,653.57,3,1945.71,13,0.67,2,33.08,1.70,-9.16,-0.47,-1051.32,-10.51,12
182,Entrada en largo,2026-03-02 09:30,Long Fade,648.57,3,1945.71,13,0.67,2,33.08,1.70,-9.16,-0.47,-1051.32,-10.51,12
183,Salida en largo,2026-03-06 15:30,Cierre EOD,644.81,3,1921.29,11.14,0.58,2,26.12,1.36,-2.89,-0.15,-1040.18,-10.40,12
183,Entrada en largo,2026-03-06 09:30,Long Fade,640.43,3,1921.29,11.14,0.58,2,26.12,1.36,-2.89,-0.15,-1040.18,-10.40,12
184,Salida en largo,2026-03-09 15:30,Cierre EOD,647.33,3,1887.48,52.51,2.78,2,54.74,2.90,-6.43,-0.34,-987.67,-9.88,12
184,Entrada en largo,2026-03-09 09:30,Long Fade,629.16,3,1887.48,52.51,2.78,2,54.74,2.90,-6.43,-0.34,-987.67,-9.88,12
185,Salida en largo,2026-03-13 15:30,Cierre EOD,613.57,3,1876.05,-37.34,-1.99,2,10.34,0.55,-48.07,-2.56,-1025.01,-10.25,12
185,Entrada en largo,2026-03-13 09:30,Long Fade,625.35,3,1876.05,-37.34,-1.99,2,10.34,0.55,-48.07,-2.56,-1025.01,-10.25,12
186,Salida en largo,2026-03-26 15:30,Cierre EOD,547.22,3,1728.06,-88.4,-5.11,2,9.41,0.54,-98.86,-5.72,-1113.41,-11.13,12
186,Entrada en largo,2026-03-26 09:30,Long Fade,576.02,3,1728.06,-88.4,-5.11,2,9.41,0.54,-98.86,-5.72,-1113.41,-11.13,12
187,Salida en largo,2026-04-02 15:30,Cierre EOD,574.6,3,1702.08,19.72,1.16,2,32.6,1.91,-2.68,-0.16,-1093.69,-10.94,12
187,Entrada en largo,2026-04-02 09:30,Long Fade,567.36,3,1702.08,19.72,1.16,2,32.6,1.91,-2.68,-0.16,-1093.69,-10.94,12
188,Salida en largo,2026-04-23 15:30,Cierre EOD,659.23,3,1982.97,-7.28,-0.37,2,24.62,1.24,-24.4,-1.23,-1100.97,-11.01,12
188,Entrada en largo,2026-04-23 09:30,Long Fade,660.99,3,1982.97,-7.28,-0.37,2,24.62,1.24,-24.4,-1.23,-1100.97,-11.01,12
189,Salida en largo,2026-04-30 15:30,Cierre EOD,612.01,3,1811.91,22.12,1.22,2,46.79,2.58,-12.91,-0.71,-1078.85,-10.79,12
189,Entrada en largo,2026-04-30 09:30,Long Fade,603.97,3,1811.91,22.12,1.22,2,46.79,2.58,-12.91,-0.71,-1078.85,-10.79,12
190,Salida en largo,2026-07-09 15:30,Cierre EOD,631.46,3,1771.56,120.82,6.82,2,127.22,7.18,-1.66,-0.09,-958.03,-9.58,12
190,Entrada en largo,2026-07-09 09:30,Long Fade,590.52,3,1771.56,120.82,6.82,2,127.22,7.18,-1.66,-0.09,-958.03,-9.58,12
191,Salida en largo,2026-07-17 15:30,Cierre EOD,646.02,3,1925.94,10.12,0.53,2,29.69,1.54,-48.94,-2.54,-947.91,-9.48,12
191,Entrada en largo,2026-07-17 09:30,Long Fade,641.98,3,1925.94,10.12,0.53,2,29.69,1.54,-48.94,-2.54,-947.91,-9.48,12
192,Salida en largo,2026-07-23 15:30,Cierre EOD,605.96,3,1832.28,-16.4,-0.89,2,0,0.00,-41.77,-2.28,-964.31,-9.64,12
192,Entrada en largo,2026-07-23 09:30,Long Fade,610.76,3,1832.28,-16.4,-0.89,2,0,0.00,-41.77,-2.28,-964.31,-9.64,12
193,Salida en largo,2026-07-30 15:30,Cierre EOD,539.08,4,2129.16,25.16,1.18,2,29.28,1.37,-20.16,-0.95,-939.15,-9.39,12
193,Entrada en largo,2026-07-30 09:30,Long Fade,532.29,4,2129.16,25.16,1.18,2,29.28,1.37,-20.16,-0.95,-939.15,-9.39,12
194,Salida en largo,2026-08-18 15:30,Cierre EOD,544,4,2191.28,-17.28,-0.79,2,30.36,1.38,-19.16,-0.87,-956.43,-9.56,12
194,Entrada en largo,2026-08-18 09:30,Long Fade,547.82,4,2191.28,-17.28,-0.79,2,30.36,1.38,-19.16,-0.87,-956.43,-9.56,12